customer_number,title,firstname,lastname,company_name,email,phone,website,address,additional_address,zip,city,country,iban,bic,bank_name,account_owner
653,Miss,Evans,Bartoletti,"Hilll, Stoltenberg and Ondricka",Coralie_OConner-Pfannerstill@yahoo.com,1-585-624-3276 x7041,https://oblong-produce.name/,421 Treutel Junction,Suite 104,14659,Lake Brookeboro,Colombia,IT65U8004411785411W046OINE9,LURMBYVB,"Moore, Ankunding and Carroll Bank",Sherri Mueller
722,Miss,Maritza,Homenick,O'Keefe - Bins,Antonia_Powlowski@yahoo.com,607.749.7653 x91815,https://phony-dusk.net,744 Russel Plains,Apt. 405,61467-0845,Janaefield,Uruguay,BE25058003007587,QTYEIMXN5V1,Schaefer - Veum Bank,Ernest Reynolds
288,Dr.,Vance,Bahringer,Shields LLC,Dolly17@yahoo.com,910.418.5838 x2393,https://salty-overcoat.biz,350 Bertram Spur,Suite 894,21139,South Kyrafurt,Iceland,FR6600900702709120P67115D60,LLQHTKZB2FV,Mayert LLC Bank,Kelly Romaguera I
430,Mr.,Amos,Barton,Hyatt LLC,Giovanni_Bergstrom4@hotmail.com,416.849.9603,https://rubbery-conservation.net/,2415 S High Street,Apt. 677,95526-4995,Jastchester,South Africa,LT744053180050306040,DFEWMSBK,Abbott LLC Bank,Tyler Trantow
272,Ms.,Khalid,Thiel,Weber - DuBuque,Garret.Littel@gmail.com,881.877.0540 x5722,https://far-flung-filter.name,931 Airport Road,Suite 362,76176,Lorenfort,Vietnam,PK10LZGP0649002003554545,LBREBQM6MI1,McGlynn and Sons Bank,Rosalie Wuckert
474,Ms.,Randi,Deckow,"Boyer, Mueller and Muller",Green1@gmail.com,269.908.8438 x0974,https://blank-warming.com,584 Howard Rapids,Apt. 943,40979-4844,New Heatherboro,Luxembourg,GT4949142556000L7640Z2K2K975,HJWYHKW7,Kozey and Sons Bank,Gordon Klocko DVM
141,Dr.,Rosa,Thiel,"Pollich, Borer and Ziemann",Christelle.Mohr@gmail.com,(272) 285-2919 x6388,https://neat-teammate.name/,797 E Jefferson Street,Suite 950,11012,West Glennie,Uruguay,BG32CIFA195883A580429K,RVVJJMZXQIS,O'Conner Group Bank,Verna Gottlieb
971,Mr.,Fausto,Boyer,"Shanahan, Miller and Stehr",Dominic.Leuschke55@yahoo.com,663-267-6507 x721,https://recent-smog.biz,74956 N 2nd Street,Apt. 154,42531-2309,New Chase,Saint Vincent and the Grenadines,KW84QLEP59O041061232648059L552,ILCOGHDJRDQ,"Kertzmann, Mosciski and Green Bank",Antoinette Fahey
133,Mrs.,Esta,Tremblay,"Lowe, Swaniawski and Zemlak",Rosamond.Heidenreich@hotmail.com,247.980.3830,https://familiar-prohibition.com/,23701 Stevie Plains,Apt. 694,36653,Shreveport,India,JO52KZUP8690390076159007407726,ILBYCHDH,Hettinger - Grady Bank,Dr. Gregory Fisher
228,Miss,Ibrahim,Olson,"Kunde, Towne and Rowe",Leonor10@hotmail.com,386.884.8286 x4815,https://impure-allocation.name/,296 McGlynn Extensions,Suite 396,35171,Irving,Bhutan,AD8600725852545096247255,QSOWHM8JXXX,Williamson - Kertzmann Bank,Rudolph Fahey
