id,name,email,address,phone
5e6555f8-a83d-4e4d-80be-6af4251f3503,Salvatore Kautzer,Luigi.Olson58@gmail.com,83985 Crona Crest,693-917-9838 x6913
14fab155-78c8-4425-a346-8268ed8ae10b,Tasha Hickle,Maiya37@hotmail.com,42515 Hilpert Rest,(397) 403-2527 x5123
37ea329c-f039-4414-9eb1-60f630645ac8,Kelly Effertz,Jazmyn_Lehner@hotmail.com,48194 Cambridge Street,471.297.8148 x851
a1b19b18-caf9-43cd-b113-203c0229fc03,Cornelius Jast,Lorine.Koelpin2@hotmail.com,1990 Pound Lane,781-569-5506
e3118b98-4b75-4656-a01e-e4a4dd487b24,Dr. Audrey Schoen,Reyna.Miller23@gmail.com,136 Janae Well,(650) 257-7103 x86230
336f4508-d202-4cf1-9fae-41516ec0473b,Lola Emard,Florine.Kiehn80@gmail.com,999 Ash Road,427-262-5311 x41890
47d2788e-01b7-49bf-b2fa-b2ab22af06da,Harvey Kunde,Jerrold39@yahoo.com,8602 Hannah Estate,663.412.4666 x048
15f08cdd-eb90-4074-b643-24b7cd05f391,Patricia Corkery,Wilber19@gmail.com,163 Enola Wall,(588) 704-5543 x3210
53498f55-0bf6-4f60-9ec2-e60aa1405fd8,Miss Ernestine Kuhic,Daron.Wolf@yahoo.com,595 Noemie Highway,(538) 237-4831 x4490
a9db5894-7346-484c-8620-6c576ddf5640,Jesse Dare,Ari_Johnson@gmail.com,361 Dante Spurs,987-815-3549 x4342
