employeeId,firstName,lastName,email,age,jobTitle,company,salary
2f70eac8-d83e-49d8-a934-e4d2e8e0774f,Sylvan,Brekke-Ryan,Lazaro.Reynolds@hotmail.com,37,Product Intranet Planner,Heller - Hickle,103527
d41616af-5bf6-4047-b941-d0aff5739641,Leanna,Kuhlman,Jillian93@gmail.com,35,Dynamic Communications Executive,"Swift, Carroll and Jast",113956
d8d41b02-0514-45c6-b67d-7ec40ab42eca,Sierra,Wuckert,Ethyl0@yahoo.com,61,Central Integration Strategist,Hyatt LLC,145758
1b805487-2dfe-430f-8a35-891dcc245a5a,Michel,Cronin,Micah_Cassin-Reichert@hotmail.com,47,Corporate Directives Planner,Larson - Paucek,116467
9b4bfe19-2cfd-4b81-9430-97b045baadc6,Charlie,Abernathy,Kaylin_Macejkovic7@yahoo.com,58,Direct Intranet Strategist,Cormier Group,76787
8c21f13e-3797-485f-b809-23a2019e6beb,Lavina,Heidenreich,Shawna.Gleichner@yahoo.com,32,International Creative Manager,Raynor Group,121810
d61217c8-1f05-4418-bcb4-bb64a8e993d5,Arne,Wolff,Karine_Hermiston@gmail.com,59,Legacy Directives Executive,Reichert LLC,140168
8c47bfbe-be5c-4665-8f49-fdad674c660c,Austin,Hoeger,Rhett.Walsh@gmail.com,64,Corporate Accountability Producer,Feest - Roob,125099
9c756f19-b69f-42b1-ac82-a203fda4dd59,Neva,Jacobi,Adrian.Moore@yahoo.com,42,National Factors Engineer,"McLaughlin, West and Schmitt",80070
69b7b893-27b9-4fa9-8f6e-3399bb7169de,Harmony,Robel,Oswald_Thompson@yahoo.com,26,Chief Research Consultant,O'Reilly LLC,55966
6f42098f-d04a-4f7a-96b6-922c835c51a6,Bryon,Abbott,Kennedy32@gmail.com,37,Senior Markets Producer,"Gislason, Mante and Stokes",93498
6d3f1874-aa9f-4309-a003-66b640346487,Okey,Senger,Etha11@yahoo.com,62,Human Marketing Director,Hodkiewicz - Bogisich,47278
327cc344-ecea-478a-a30f-efa293e9e5e8,Orie,Morissette,Michele.Hansen58@gmail.com,40,Human Division Analyst,"Kuhic, Turcotte and Hauck",96295
ce57233c-c955-4059-b913-c116ca9c99c9,Jovani,Kunde,Brandon83@gmail.com,30,Principal Identity Orchestrator,"Tremblay, Beahan and Gibson",52639
f91eede4-d0c6-4d01-b450-f0c346a67175,Evan,Runte,Burdette.Johns-Kautzer@hotmail.com,64,Regional Marketing Officer,Carroll - Schinner,92452
